name,domain,type,priority_rank
Arizona State University,asu.edu,4-year,68
Colorado State University,colostate.edu,4-year,155
Oklahoma State University,okstate.edu,4-year,165
Ohio University,ohio.edu,4-year,175
Marist College,marist.edu,4-year,256
"Sewanee, University of the South",sewanee.edu,4-year,314
Embry-Riddle Aeronautical University,erau.edu,4-year,328
42 US,student.42.us.org,4-year,
ASA College,asa.edu,4-year,
Aaniiih Nakoda College,ancollege.edu,4-year,
Academic medical center at State University of New York at Stony Brook,stonybrookmedicine.edu,4-year,
Air Force Institute of Technology,afit.edu,4-year,
Alamo Colleges,aloma.edu,4-year,
Alamo Colleges District,alamo.edu,4-year,
Alaska Pacific University,alaskapacific.edu,4-year,
Albany State University,asurams.edu,4-year,
Albertson College of Idaho,acofi.edu,4-year,
Allan Hancock College,hancockcollege.edu,4-year,
Allegany College of Maryland,allegany.edu,4-year,
Allen College,allencollege.edu,4-year,
Allentown College of Saint Francis de Sales,allencol.edu,4-year,
Alliant International University,alliant.edu,4-year,
Amarillo College,actx.edu,4-year,
Ambassador University,ambassador.edu,4-year,
American Baptist College,abcnash.edu,4-year,
American Coastline University,amercoastuniv.edu,4-year,
American Public University System,apus.edu,4-year,
American River College,arc.losrios.edu,4-year,
Ancilla College,ancilla.edu,4-year,
Andrew College,andrewcollege.edu,4-year,
Angelina College,angelina.edu,4-year,
Antelope Valley College,avc.edu,4-year,
Antioch New England,antiochne.edu,4-year,
Antioch University,antioch.edu,4-year,
Antioch University - Los Angeles,antiochla.edu,4-year,
Antioch University - Seattle,seattleantioch.edu,4-year,
Arcadia College,arcadia.edu,4-year,
Arizona Western College,azwestern.edu,4-year,
Arkansas Baptist College,arkansasbaptist.edu,4-year,
Arkansas Northeastern College,anc.edu,4-year,
Arkansas State University-Beebe,asub.edu,4-year,
Arkansas State University-Mountain Home,asumh.edu,4-year,
Arkansas State University-Newport,asun.edu,4-year,
Arkansas Tech University,atu.edu,4-year,
Armstrong State College,armstrong.edu,4-year,
Ashford University,ashford.edu,4-year,
Aspen University,aspen.edu,4-year,
Assumption College,assumption.edu,4-year,
Assumption College for Sisters,acs350.org,4-year,
Athens State University,athens.edu,4-year,
Augsburg College,augsburg.edu,4-year,
Augustana College (IL),augustana.edu,4-year,
Augustana College (SD),augie.edu,4-year,
Averett College,averett.edu,4-year,
Avila College,avila.edu,4-year,
Bainbridge State College,bainbridge.edu,4-year,
Bakersfield College,bakersfieldcollege.edu,4-year,
Bastyr University,bastyr.edu,4-year,
Bay Atlantic University,bau.edu,4-year,
Baylor College of Medicine,bcm.edu,4-year,
Bellevue College,bellevuecollege.edu,4-year,
Bellevue University,bellevue.edu,4-year,
Berkeley City College,berkeleycitycollege.edu,4-year,
Berkeley College,berkeleycollege.edu,4-year,
Bethel College (KS),bethelks.edu,4-year,
Birmingham-Southern College,bsc.edu,4-year,
Bishop McNamara High School,bmhs.org,4-year,
Bismark State College,bismarckstate.edu,4-year,
Black Hawk College,bhc.edu,4-year,
Blinn College,blinn.edu,4-year,
Bloomsburg University of Pennsylvania,bloomu.edu,4-year,
Bluefield State College,bluefieldstate.edu,4-year,
Bluffton College,bluffton.edu,4-year,
Bob Jones University,bju.edu,4-year,
Boston Graduate School of Psychoanalysis,bgsp.edu,4-year,
Brandman University,brandman.edu,4-year,
Briar Cliff College,briar-cliff.edu,4-year,
Brigham Young University - Idaho,byui.edu,4-year,
Brookhaven College,brookhavencollege.edu,4-year,
Brookings Institution,brookings.edu,4-year,
Broward College,broward.edu,4-year,
Butte College,butte.edu,4-year,
CUNY City College of NY,ccny.cuny.edu,4-year,
CUNY City Tech,citytech.cuny.edu,4-year,
CUNY Macauly Honors College,macauly.cuny.edu,4-year,
CUNY School of Law,law.cuny.edu,4-year,
Cabrillo College,cabrillo.edu,4-year,
Cabrini University,cabrini.edu,4-year,
California Coast University,calcoast.edu,4-year,
California Maritime Academy,csum.edu,4-year,
California National University,cnuas.edu,4-year,
California Southern University,calsouthern.edu,4-year,
California State University,csueastbay.edu,4-year,
California State University System,calstate.edu,4-year,
"California State University, Hayward",csuhayward.edu,4-year,
California University of Pennsylvania,cup.edu,4-year,
California University of Science and Medicine,cusm.edu,4-year,
Calvin College,calvin.edu,4-year,
Cameron University,cameron.edu,4-year,
Campbellsville College,campbellsville.edu,4-year,
Canada College,canadacollege.edu,4-year,
Canisius College,canisius.edu,4-year,
Capella University,capella.edu,4-year,
Career College of Northern Nevada,ccnn.edu,4-year,
Carl Albert State College,carlalbert.edu,4-year,
Carl Sandburg College,sandburg.edu,4-year,
Carlow College,carlow.edu,4-year,
Carolinas College of Health Sciences,carolinascollege.edu,4-year,
Carrington College California-Sacramento,carrington.edu,4-year,
Carson-Newman College,cn.edu,4-year,
Carver College,carver.edu,4-year,
Casper College,caspercollege.edu,4-year,
Castleton State University,castleton.edu,4-year,
Cecil College,cecil.edu,4-year,
Cedar Valley College,cedarvalleycollege.edu,4-year,
Cedarville College,cedarville.edu,4-year,
Central Arizona College,centralaz.edu,4-year,
Central Lakes College-Brainerd,www.clcmn.edu,4-year,
Central Maine Medical Center College of Nursing and Health Professions,cmmccollege.edu,4-year,
Central Methodist College,cmc.edu,4-year,
Central Texas College,ctcd.edu,4-year,
Central Wyoming College,cwc.edu,4-year,
Century College,century.edu,4-year,
Cerritos College,cerritos.edu,4-year,
Chabot College,chabotcollege.edu,4-year,
Chadron State College,csc.edu,4-year,
Chaffey College,chaffey.edu,4-year,
Chatfield College,chatfield.edu,4-year,
Chatham College,chatham.edu,4-year,
Cheyney University,cheyney.edu,4-year,
Chicago School of Professional Psychology,csopp.edu,4-year,
Chief Dull Knife College,cdkc.edu,4-year,
Cisco College,cisco.edu,4-year,
Citrus College,citruscollege.edu,4-year,
City College of San Francisco,ccsf.edu,4-year,
City Colleges of Chicago,ccc.edu,4-year,
City University,cityu.edu,4-year,
Claremont Colleges,claremont.edu,4-year,
Claremont Graduate School,cgs.edu,4-year,
Claremont Graduate University,cgu.edu,4-year,
Clarendon College,clarendoncollege.edu,4-year,
Clarion University of Pennsylvania,clarion.edu,4-year,
Clark College,clark.edu,4-year,
Clarke College,clarke.edu,4-year,
Clayton State College,clayton.edu,4-year,
Clinch Valley College,clinch.edu,4-year,
Clinton College,clintoncollege.edu,4-year,
Coast Colleges,cccd.edu,4-year,
Coastal Bend College,coastalbend.edu,4-year,
Cochise College,cochise.edu,4-year,
Coker College,coker.edu,4-year,
Cold Spring Harbor Laboratory,cshl.edu,4-year,
College of Alameda,peralta.edu,4-year,
College of DuPage,cod.edu,4-year,
College of Eastern Utah,ceu.edu,4-year,
College of Lake County,www.clcillinois.edu,4-year,
College of Marin,marin.edu,4-year,
College of Mount Saint Vincent,mountsaintvincent.edu,4-year,
College of New Rochelle,cnr.edu,4-year,
College of Saint Catherine,stkate.edu,4-year,
College of Saint Rose,strose.edu,4-year,
College of San Mateo,collegeofsanmateo.edu,4-year,
College of Southern Idaho,csi.edu,4-year,
College of Southern Maryland,csmd.edu,4-year,
College of Southern Nevada,csn.edu,4-year,
College of St. Francis,stfrancis.edu,4-year,
College of St. Scholastica,css.edu,4-year,
College of Western Idaho,cwidaho.cc,4-year,
College of the Albemarle,albemarle.edu,4-year,
College of the Canyons,canyons.edu,4-year,
College of the Desert,collegeofthedesert.edu,4-year,
College of the Mainland,com.edu,4-year,
College of the Ouachitas,coto.edu,4-year,
College of the Redwoods,redwoods.edu,4-year,
College of the Sequoias,cos.edu,4-year,
College of the Siskiyous,siskiyous.edu,4-year,
Colorado Christian University,ccu.edu,4-year,
Colorado Mesa University,coloradomesa.edu,4-year,
Colorado State University - Global Campus,csuglobal.edu,4-year,
Colorado Technical University,coloradotech.edu,4-year,
Columbia Basin College,columbiabasin.edu,4-year,
Columbia College (CA),gocolumbia.edu,4-year,
Columbia College (MO),ccis.edu,4-year,
Columbia College (SC),columbiasc.edu,4-year,
Columbia Southern University,colsouth.edu,4-year,
Columbia Union College,cuc.edu,4-year,
Concordia College - Ann Arbor,ccaa.edu,4-year,
Concordia College - Seward,ccsn.edu,4-year,
Concordia College - St. Paul,csp.edu,4-year,
Connecticut State University System,ct.edu,4-year,
Connors State College,connorsstate.edu,4-year,
Contra Costa College,contracosta.edu,4-year,
Cosumnes River College,crc.losrios.edu,4-year,
Crafton Hills College,craftonhills.edu,4-year,
Crowder College,crowder.edu,4-year,
Cuesta College,www.cuesta.edu,4-year,
Cuyamaca College,cuyamaca.edu,4-year,
Cypress College,cypresscollege.edu,4-year,
Daemen College,daemen.edu,4-year,
Dakota College at Bottineau,dakotacollege.edu,4-year,
Dallas College,dallascollege.edu,4-year,
Dalton State College,daltonstate.edu,4-year,
Dana College,dana.edu,4-year,
Daniel Webster College,dwc.edu,4-year,
Darton State College,darton.edu,4-year,
Daytona State College,daytonastate.edu,4-year,
De Anza College,deanza.edu,4-year,
DeVry Institute of Technology,devry.edu,4-year,
Defense Language Institute Foreign Language Center,dliflc.edu,4-year,
Del Mar College,delmar.edu,4-year,
Delaware College of Art and Design,dcad.edu,4-year,
Delta College,delta.edu,4-year,
Denver College of Nursing,denvercollegeofnursing.edu,4-year,
Des Moines University,dmu.edu,4-year,
Detroit School of Technology,dsdt.edu,4-year,
Diablo Valley College,dvc.edu,4-year,
Dominican College,dominican.edu,4-year,
Dordt College,dordt.edu,4-year,
Dowling College,dowling.edu,4-year,
Drury College,drury.edu,4-year,
ECPI University,ecpi.edu,4-year,
East Central College,eastcentral.edu,4-year,
East Los Angeles College,elac.edu,4-year,
East Stroudsburg State University of Pennsylvania,esu.edu,4-year,
Eastern Arizona College,eac.edu,4-year,
Eastern Florida State College,easternflorida.edu,4-year,
Eastern New Mexico University-Roswell Campus,roswell.enmu.edu,4-year,
Eastern Oklahoma State College,eosc.edu,4-year,
Eastern Oregon State College,eou.edu,4-year,
Eastern Virginia Medical School,evms.edu,4-year,
Eastern Wyoming College,ewc.wy.edu,4-year,
Eastfield College,eastfieldcollege.edu,4-year,
Edgewood College,edgewood.edu,4-year,
Edinboro University of Pennsylvania,edinboro.edu,4-year,
Einsteinmed,einsteinmed.edu,4-year,
El Camino College-Compton Center,compton.edu,4-year,
El Centro College,elcentrocollege.edu,4-year,
Elmhurst College,elmhurst.edu,4-year,
Elon College,elon.edu,4-year,
Emory & Henry College,ehc.edu,4-year,
Everest College,everest.edu,4-year,
Evergreen Valley College,evc.edu,4-year,
Fairleigh Dickinson University,fdu.edu,4-year,
Fairmont State College,fairmontstate.edu,4-year,
Fielding Institute,fielding.edu,4-year,
Fitchburg State College,fsc.edu,4-year,
Florida SouthWestern State College,fsw.edu,4-year,
Florida State College at Jacksonville,fscj.edu,4-year,
Folsom Lake College,flc.losrios.edu,4-year,
Fontbonne College,fontbonne.edu,4-year,
Foothill College,foothill.edu,4-year,
Fox College,foxcollege.edu,4-year,
Frank Phillips College,fpctx.edu,4-year,
Franklin Pierce Law Center,fplc.edu,4-year,
Fresno City College,fresnocitycollege.edu,4-year,
Full Sail University,fullsail.edu,4-year,
Fullerton College,fullcoll.edu,4-year,
GMI Engineering and Management Institute,gmi.edu,4-year,
Galen College of Nursing-Louisville,galencollege.edu,4-year,
Galveston College,gc.edu,4-year,
Garrett College,garrettcollege.edu,4-year,
Gaston College,gaston.edu,4-year,
Gavilan College,gavilan.edu,4-year,
Geneva College,geneva.edu,4-year,
George Fox College,gfc.edu,4-year,
Georgia College,gcsu.edu,4-year,
Georgia Highlands College,highlands.edu,4-year,
Georgia Military College,gmc.cc.ga.us,4-year,
Georgia Perimeter College,gpc.edu,4-year,
Globe University & Minnesota School of Business,msbcollege.edu,4-year,
Golden Gate University,ggu.edu,4-year,
Golden West College,goldenwestcollege.edu,4-year,
Graceland College,graceland.edu,4-year,
Grays Harbor College,ghc.edu,4-year,
Grayson College,grayson.edu,4-year,
Great Basin College,gbcnv.edu,4-year,
Great Falls College Montana State University,gfcmsu.edu,4-year,
Greenleaf University,greenleaf.edu,4-year,
Grossmont College,grossmont.edu,4-year,
Gulf Coast State College,gulfcoast.edu,4-year,
Harcum College,harcum.edu,4-year,
Harper College,harpercollege.edu,4-year,
Harris-Stowe State University,hssu.edu,4-year,
Hartnell College,hartnell.edu,4-year,
Haskell Indian Nations University,haskell.edu,4-year,
Heidelberg College,heidelberg.edu,4-year,
Helena College University of Montana,umhelena.edu,4-year,
Hellenic American University,hauniv.edu,4-year,
Henry Ford College,hfcc.edu,4-year,
Hesston College,hesston.edu,4-year,
Hill College,hillcollege.edu,4-year,
Hobart and William Smith Colleges,hws.edu,4-year,
Hocking College,hocking.edu,4-year,
Hollins College,hollins.edu,4-year,
Houston Baptist University,hbu.edu,4-year,
Howard College,howardcollege.edu,4-year,
ICI University,ici.edu,4-year,
Icahn School of Medicine at Mount Sinai,mssm.edu,4-year,
Idaho State University,isu.edu,4-year,
Ilisagvik College,ilisagvik.edu,4-year,
Illinois Benedictine College,ibc.edu,4-year,
Illinois Central College,icc.edu,4-year,
Imperial Valley College,imperial.edu,4-year,
Indian River State College,irsc.edu,4-year,
Indiana University,iu.edu,4-year,
Indiana University at South Bend,iusb.edu,4-year,
Indiana University/Purdue University at Columbus,iupuc.edu,4-year,
Indiana University/Purdue University at Fort Wayne,ipfw.edu,4-year,
Indiana University/Purdue University at Indianapolis,iupui.edu,4-year,
Institute for Advanced Study,ias.edu,4-year,
Institute for World Politics,iwp.edu,4-year,
International Technological University,itu.edu,4-year,
Iona College,iona.edu,4-year,
Irvine Valley College,ivc.edu,4-year,
Jackson College,jccmi.edu,4-year,
Jacksonville College-Main Campus,jacksonville-college.edu,4-year,
James A Rhodes State College,rhodesstate.edu,4-year,
Jarvis Christian College,jarvis.edu,4-year,
John A Gupton College,guptoncollege.edu,4-year,
John A Logan College,jalc.edu,4-year,
John F. Kennedy University,jfku.edu,4-year,
Johns Hopkins University Applied Physics Laboratory,jhuapl.edu,4-year,
Johnson & Wales University,jwu.edu,4-year,
Jones College,jones.edu,4-year,
Judson College,judson.edu,4-year,
Kansas City University,kansascity.edu,4-year,
Kaplan University,kaplan.edu,4-year,
Kaskaskia College,kaskaskia.edu,4-year,
Kean College,kean.edu,4-year,
Keiser University,keiseruniversity.edu,4-year,
Keller Graduate School of Management,keller.edu,4-year,
Kenai Peninsula College,kpc.alaska.edu,4-year,
Kilgore College,kilgore.edu,4-year,
Kishwaukee College,kishwaukeecollege.edu,4-year,
Knoxville College,knoxvillecollege.edu,4-year,
Kodiak College,koc.alaska.edu,4-year,
LaSalle University,lasalle.edu,4-year,
Lackawanna College,lackawanna.edu,4-year,
Lake Erie College of Osteopathic Medicine,lecom.edu,4-year,
Lake Land College,lakeland.cc.il.us,4-year,
Lake Michigan College,lakemichigancollege.edu,4-year,
Lake Region State College,lrsc.edu,4-year,
Lake Superior College,lsc.edu,4-year,
Lake Superior State University,lssu.edu,4-year,
Lamar Institute of Technology,lit.edu,4-year,
Lamar State College-Orange,lsco.edu,4-year,
Lamar State College-Port Arthur,lamarpa.edu,4-year,
Lane College,lanecollege.edu,4-year,
Laney College,laney.edu,4-year,
Langston University,langston.edu,4-year,
Las Positas College,laspositascollege.edu,4-year,
Lasell College,lasell.edu,4-year,
Latter-day Saints Business College,ldsbc.edu,4-year,
Laurus College,lauruscollege.edu,4-year,
LeMoyne-Owen College,loc.edu,4-year,
Lee College,lee.edu,4-year,
Leech Lake Tribal College,lltc.edu,4-year,
Lenoir-Rhyne College,lrc.edu,4-year,
Linfield College,linfield.edu,4-year,
Little Big Horn College,lbhc.edu,4-year,
Little Priest Tribal College,littlepriest.edu,4-year,
Lock Haven University,lhup.edu,4-year,
Loma Linda University,llu.edu,4-year,
Lone Star College System,lonestar.edu,4-year,
Long Beach City College,lbcc.edu,4-year,
Los Angeles City College,lacitycollege.edu,4-year,
Los Angeles Harbor College,lahc.edu,4-year,
Los Angeles Mission College,lamission.edu,4-year,
Los Angeles Pierce College,piercecollege.edu,4-year,
Los Angeles Southwest College,lasc.edu,4-year,
Los Angeles Valley College,lavc.edu,4-year,
Los Medanos College,losmedanos.edu,4-year,
Louisburg College,louisburg.edu,4-year,
Louisiana College,lacollege.edu,4-year,
Louisiana State University-Eunice,lsue.edu,4-year,
Lower Columbia College,lowercolumbia.edu,4-year,
Loyola College,loyola.edu,4-year,
Lynchburg College,lynchburg.edu,4-year,
Lyndon State College,lyndonstate.edu,4-year,
MTI College,sacramento.mticollege.edu,4-year,
MacCormac College,maccormac.edu,4-year,
Maharishi University of Management,mum.edu,4-year,
Malone College,malone.edu,4-year,
Manhattan College,manhattan.edu,4-year,
Manor College,manor.edu,4-year,
Mansfield University of Pennsylvania,mansfield.edu,4-year,
Marine Biological Laboratory,mbl.edu,4-year,
Marion Military Institute,marionmilitary.edu,4-year,
Marlboro College,marlboro.edu,4-year,
Mary Baldwin College,mbc.edu,4-year,
Mary Washington College,mwc.edu,4-year,
Maryland Institute College of Arts,mica.edu,4-year,
Mat-Su College,matsu.alaska.edu,4-year,
Mayo Clinic,mayo.edu,4-year,
Medical College of Georgia,mcg.edu,4-year,
Medical College of Wisconsin,mcw.edu,4-year,
Medical University of South Carolina,musc.edu,4-year,
Meharry Medical College,mmc.edu,4-year,
Mendocino College,mendocino.edu,4-year,
Merced College,mccd.edu,4-year,
Mercy College,mercymavericks.edu,4-year,
Merritt College,merritt.edu,4-year,
Messiah College,messiah.edu,4-year,
Metropolitan State College of Denver,msudenver.edu,4-year,
Miami Dade College,mdc.edu,4-year,
Mid-America Nazarene College,manc.edu,4-year,
Middle Georgia State College,mga.edu,4-year,
Miles College,miles.edu,4-year,
Miles School of Law,mlaw.edu,4-year,
Milligan College,milligan.edu,4-year,
Mineral Area College,mineralarea.edu,4-year,
Minnesota State College-Southeast Technical,southeastmn.edu,4-year,
MiraCosta College,miracosta.edu,4-year,
Mississippi College,mc.edu,4-year,
Missouri Southern State College,mssc.edu,4-year,
Missouri State University,missouristate.edu,4-year,
Missouri State University-West Plains,wp.missouristate.edu,4-year,
Missouri Western State College,mwsc.edu,4-year,
Molloy College,molloy.edu,4-year,
Monroe College,monroecollege.edu,4-year,
Montana State University - Billings,msubillings.edu,4-year,
Montana State University - Bozeman,montana.edu,4-year,
Montana State University - Northern,msun.edu,4-year,
Montana Tech,mtech.edu,4-year,
Monterey Peninsula College,mpc.edu,4-year,
Montgomery College,montgomerycollege.edu,4-year,
Moorpark College,moorparkcollege.edu,4-year,
Moravian College,moravian.edu,4-year,
Morehouse School of Medicine,msm.edu,4-year,
Moreno Valley College,mvc.edu,4-year,
Morris Brown College,morrisbrown.edu,4-year,
Morris College,morris.edu,4-year,
Morton College,morton.edu,4-year,
Mount Saint Joseph College,msj.edu,4-year,
Mount Senario College,mscfs.edu,4-year,
Mount Union College,muc.edu,4-year,
Mt. San Antonio College,mtsac.edu,4-year,
Murray State College,mscok.edu,4-year,
Muskingum College,muskingum.edu,4-year,
Napa Valley College,napavalley.edu,4-year,
National Defense University,ndu.edu,4-year,
National Park College,np.edu,4-year,
National Radio Astronomy Observatory,nrao.edu,4-year,
Naval Postgraduate School,nps.edu,4-year,
Navarro College,navarrocollege.edu,4-year,
Nazareth College,naz.edu,4-year,
Nebraska College of Technical Agriculture,ncta.unl.edu,4-year,
Nevada System of Higher Education,nevada.edu,4-year,
New College of California,newcollege.edu,4-year,
New England Institute of Technology,neit.edu,4-year,
New Hampshire College,nhc.edu,4-year,
New Mexico Highlands University,nmhu.edu,4-year,
New Mexico Military Institute,nmmi.edu,4-year,
New Mexico State University-Alamogordo,nmsua.edu,4-year,
New Mexico State University-Carlsbad,cavern.nmsu.edu,4-year,
New Mexico State University-Dona Ana,dabcc.nmsu.edu,4-year,
New York Medical College,nymc.edu,4-year,
North American University,na.edu,4-year,
North Arkansas College,northark.edu,4-year,
North Carolina Wesleyan College,ncwc.edu,4-year,
North Central Michigan College,ncmich.edu,4-year,
North Central Missouri College,ncmissouri.edu,4-year,
North Central State College,ncstatecollege.edu,4-year,
North Central Texas College,nctc.edu,4-year,
North Dakota State College of Science,ndscs.edu,4-year,
North Dakota University System,ndus.edu,4-year,
North Idaho College,nic.edu,4-year,
Northeastern Louisiana University,nlu.edu,4-year,
Northeastern Oklahoma A&M College,neo.edu,4-year,
Northern Oklahoma College,noc.edu,4-year,
Northland College,northland.edu,4-year,
Northland Pioneer College,npc.edu,4-year,
Northwest College,northwestcollege.edu,4-year,
Northwest Florida State College,nwfsc.edu,4-year,
Northwest Nazarene College,nnc.edu,4-year,
Northwestern College of Iowa,nwciowa.edu,4-year,
Northwestern College-Chicago Campus,northwesterncollege.edu,4-year,
Northwestern Michigan College,nmc.edu,4-year,
Northwestern State University,nsula.edu,4-year,
Odessa College,odessa.edu,4-year,
Ohio Dominican College,odc.edu,4-year,
Ohlone College,ohlone.edu,4-year,
Ojai Unified School District,ojaiusd.org,4-year,
Orange Coast College,orangecoastcollege.edu,4-year,
Oregon Graduate Institute of Science and Technology,ogi.edu,4-year,
Oregon Health Sciences University,ohsu.edu,4-year,
Otterbein College,otterbein.edu,4-year,
Our Lady of the Lake University,ollusa.edu,4-year,
Oxnard College,oxnardcollege.edu,4-year,
Ozarka College,ozarka.edu,4-year,
Pacific Northwest University of Health Sciences,pnwu.edu,4-year,
Pacific Union College,puc.edu,4-year,
Pacific Western University,pwu.com,4-year,
Palm Beach Atlantic College,pbac.edu,4-year,
Palm Beach State College,palmbeachstate.edu,4-year,
Palo Verde College,paloverde.edu,4-year,
Palomar College,palomar.edu,4-year,
Panola College,panola.edu,4-year,
Park University,park.edu,4-year,
Parkland College,parkland.edu,4-year,
Pasadena City College,pasadena.edu,4-year,
Pasco-Hernando State College,phsc.edu,4-year,
Peace College,peace.edu,4-year,
Pembroke State University,pembroke.edu,4-year,
Pennsylvania Institute of Technology,pit.edu,4-year,
Pennsylvania State University - Schuylkill Campus,sl.psu.edu,4-year,
Pensacola Christian College,pcci.edu,4-year,
Pensacola State College,pensacolastate.edu,4-year,
Peru State College,peru.edu,4-year,
Philadelphia College of Osteopathic Medicine,pcom.edu,4-year,
Philander Smith College,philander.edu,4-year,
Phillips University,phillips.edu,4-year,
Pierce College at Puyallup,pierce.ctc.edu,4-year,
Platt College,platt.edu,4-year,
Polk State College,polk.edu,4-year,
Polytechnic University of New York,poly.edu,4-year,
Polytechnic University of Puerto Rico,pupr.edu,4-year,
Porterville College,portervillecollege.edu,4-year,
Prairie State College,prairiestate.edu,4-year,
Prince William Sound College,pwsc.alaska.edu,4-year,
Purdue Global University,purdueglobal.edu,4-year,
Purdue Global University (Student email),student.purdueglobal.edu,4-year,
Purdue University Calumet,purduecal.edu,4-year,
Purdue University North Central,pnc.edu,4-year,
Quadrat Academy,quadratacademy.com,4-year,
Quincy College,quincycollege.edu,4-year,
Quinnipiac College,quinnipiac.edu,4-year,
Randolph-Macon Woman's College,rmwc.edu,4-year,
Ranger College,rangercollege.edu,4-year,
Reedley College,reedleycollege.edu,4-year,
Rend Lake College,rlc.edu,4-year,
Richard Bland College of the College of William and Mary,rbc.edu,4-year,
Richard Stockton College of New Jersey,stockton.edu,4-year,
Richland College,richlandcollege.edu,4-year,
Ridgewater College,ridgewater.edu,4-year,
Rio Hondo College,riohondo.edu,4-year,
Rio Salado College,rio.maricopa.edu,4-year,
Riverside City College,rcc.edu,4-year,
Rivier College,riv.edu,4-year,
Robert Morris University Illinois,robertmorris.edu,4-year,
Rock Valley College,rockvalleycollege.edu,4-year,
Rockefeller University,rockefeller.edu,4-year,
Rockford College,rockford.edu,4-year,
Rockhurst College,rockhurst.edu,4-year,
Rogers State University,rsu.edu,4-year,
Rosary College,rosary.edu,4-year,
Rose State College,rose.edu,4-year,
Rowan College,rowan.edu,4-year,
Rowan College at Burlington County,rcbc.edu,4-year,
Rowan College of South Jersey,rcsj.edu,4-year,
SANS Technology Institute,sans.edu,4-year,
SUNY Downstate Health Sciences University,downstate.edu,4-year,
Sacramento City College,scc.losrios.edu,4-year,
Saddleback College,saddleback.edu,4-year,
Sage Colleges,sage.edu,4-year,
Saginaw Chippewa Tribal College,sagchip.edu,4-year,
Saint Elizabeth College of Nursing,secon.edu,4-year,
Saint John's University (NY),stjohns.edu,4-year,
Saint Joseph's College (IN),saintjoe.edu,4-year,
Saint Mary College,smcks.edu,4-year,
Saint Mary's College (IN),saintmarys.edu,4-year,
Saint Olaf College,stolaf.edu,4-year,
Saint Paul College,saintpaul.edu,4-year,
Salish Kootenai College,skc.edu,4-year,
San Bernardino Valley College,valleycollege.edu,4-year,
San Diego City College,sdcity.edu,4-year,
San Diego Mesa College,sdmesa.edu,4-year,
San Diego Miramar College,sdmiramar.edu,4-year,
San Joaquin Delta College,deltacollege.edu,4-year,
San Joaquin Valley College-Visalia,sjvc.edu,4-year,
San Jose City College,sjcc.edu,4-year,
San Juan College,sanjuancollege.edu,4-year,
Santa Ana College,sac.edu,4-year,
Santa Barbara City College,sbcc.edu,4-year,
Santa Monica College,smc.edu,4-year,
Santiago Canyon College,sccollege.edu,4-year,
Savannah State University,savannahstate.edu,4-year,
Schiller International University,schiller.edu,4-year,
Schoolcraft College,schoolcraft.edu,4-year,
Seattle Central College,seattlecentral.edu,4-year,
Seattle Colleges,seattlecolleges.edu,4-year,
Selma University,selmauniversity.edu,4-year,
Seminole State College,sscok.edu,4-year,
Shawnee State University,shawnee.edu,4-year,
Sheridan College,sheridan.edu,4-year,
Shorter College,shorter.edu,4-year,
Siena College,siena.edu,4-year,
Sierra College,sierracollege.edu,4-year,
Simmons College,simmons.edu,4-year,
Simmons College of Kentucky,simmonscollegeky.edu,4-year,
Simon's Rock College,simons-rock.edu,4-year,
Sisseton Wahpeton College,swc.tc,4-year,
Skagit Valley College,skagit.edu,4-year,
Skyline College,skylinecollege.edu,4-year,
Snow College,snow.edu,4-year,
Sofia University,sofia.edu,4-year,
South Central College,southcentral.edu,4-year,
South Florida State College,southflorida.edu,4-year,
South Plains College,southplainscollege.edu,4-year,
South Suburban College,ssc.edu,4-year,
South Texas College of Law,stcl.edu,4-year,
Southeast Arkansas College,seark.edu,4-year,
Southeast Missouri Hospital College of Nursing and Health Sciences,southeastmissourihospitalcollege.edu,4-year,
Southeastern Illinois College,sic.edu,4-year,
Southern Arkansas University Tech,sautech.edu,4-year,
Southern College,southern.edu,4-year,
Southern Nazarene University,snu.edu,4-year,
Southern Oregon State College,sou.edu,4-year,
Southern University at Shreveport,susla.edu,4-year,
Southwest Research Institute,swri.edu,4-year,
Southwest Texas State University,swt.edu,4-year,
Southwestern Adventist College,swac.edu,4-year,
Southwestern Assemblies of God University,sagu.edu,4-year,
Southwestern Christian College,swcc.edu,4-year,
Southwestern College (CA),swccd.edu,4-year,
Southwestern College (KS),sckans.edu,4-year,
Southwestern Illinois College,swic.edu,4-year,
Southwestern Indian Polytechnic Institute,sipi.edu,4-year,
Southwestern Michigan College,swmich.edu,4-year,
Spartanburg Methodist College,smcsc.edu,4-year,
Spokane Colleges,spokane.edu,4-year,
Spoon River College,src.edu,4-year,
Spring Arbor College,arbor.edu,4-year,
St. Ambrose University,sau.edu,4-year,
St. Andrews Presbyterian College,sapc.edu,4-year,
St. Augustine's University,st-aug.edu,4-year,
St. Francis College,sfc.edu,4-year,
St. John's College - Annapolis,sjca.edu,4-year,
St. John's College - Santa Fe,sjcsf.edu,4-year,
St. Johns River State College,sjrstate.edu,4-year,
St. Joseph College (CT),sjc.edu,4-year,
St. Joseph's College (ME),sjcme.edu,4-year,
St. Louis College of Pharmacy,stlcop.edu,4-year,
St. Martin's College,stmartin.edu,4-year,
St. Petersburg College,spcollege.edu,4-year,
St. Thomas University (FL),stu.edu,4-year,
Stark State College,starkstate.edu,4-year,
State University of New York College at Brockport,brockport.edu,4-year,
State University of New York College at Buffalo,buffalostate.edu,4-year,
State University of New York College at Cortland,cortland.edu,4-year,
State University of New York College at Geneseo,geneseo.edu,4-year,
State University of New York College at New Paltz,newpaltz.edu,4-year,
State University of New York College at Oneonta,oneonta.edu,4-year,
State University of New York College at Potsdam,potsdam.edu,4-year,
State University of New York College of Agriculture and Technology at Cobleskill,cobleskill.edu,4-year,
State University of New York College of Environmental Science and Forestry,esf.edu,4-year,
State University of New York Polytechnic Institute,sunyit.edu,4-year,
State University of New York System,sunycentral.edu,4-year,
State University of New York at Albany,albany.edu,4-year,
State University of New York at Farmingdale,farmingdale.edu,4-year,
State University of New York at Fredonia,fredonia.edu,4-year,
State University of New York at Oneonta,suny.oneonta.edu,4-year,
Stone Child College,stonechild.edu,4-year,
Stratford University,stratford.edu,4-year,
Strayer College,strayer.edu,4-year,
Sullivan University,sullivan.edu,4-year,
Summit University of Louisiana,summitunivofla.edu,4-year,
Taft College,taftcollege.edu,4-year,
Technical Career Institutes,tcicollege.edu,4-year,
Temple College,templejc.edu,4-year,
Texarkana College,texarkanacollege.edu,4-year,
Texas A&M University - Commerce,tamuc.edu,4-year,
Texas Tech University-Health Sciences Center,ttuhsc.edu,4-year,
The Art Institutes,aii.edu,4-year,
The Citadel,citadel.edu,4-year,
The Principia,principia.edu,4-year,
The Scripps Research Institute,scripps.edu,4-year,
The University of Texas at Rio Grande Valley,utrgv.edu,4-year,
Thomas Edison State University,tesc.edu,4-year,
Thomas More College,thomasmore.edu,4-year,
Thunderbird School of Global Management,thunderbird.edu,4-year,
Touro College,touro.edu,4-year,
Trenton State College,trenton.edu,4-year,
Trident University,trident.edu,4-year,
Trinity College (DC),trinitydc.edu,4-year,
Triton College,triton.edu,4-year,
Troy State University,tsufl.edu,4-year,
Tucson University,tucsonu.edu,4-year,
Tusculum College,tusculum.edu,4-year,
UC Hastings College of the Law,uchastings.edu,4-year,
Uniformed Services University of the Health Sciences,usuhs.mil,4-year,
Union Institute,tui.edu,4-year,
United States International University,usiu.edu,4-year,
Unity Environmental College,unity.edu,4-year,
University of Advancing Technology,uat.edu,4-year,
University of Akron,uakron.edu,4-year,
University of Alabama at Huntsville,uah.edu,4-year,
University of Alaska,alaska.edu,4-year,
University of Alaska - Anchorage,uaa.alaska.edu,4-year,
University of Alaska - Fairbanks,uaf.edu,4-year,
University of Alaska - Southeast,uas.alaska.edu,4-year,
University of Arkansas - Fayetteville,uark.edu,4-year,
University of Arkansas - Fort Smith,uafs.edu,4-year,
University of Arkansas - Monticello,uamont.edu,4-year,
University of Arkansas System eVersity,uasys.edu,4-year,
University of Arkansas for Medical Sciences,uams.edu,4-year,
"University of California, Office of the President",ucop.edu,4-year,
"University of California, San Francisco",ucsf.edu,4-year,
University of Colorado Anschutz Medical Campus,cuanschutz.edu,4-year,
University of Colorado Health Sciences Center,hsc.colorado.edu,4-year,
University of Colorado at Colorado Springs,uccs.edu,4-year,
University of Colorado at Denver,ucdenver.edu,4-year,
University of Great Falls,ugf.edu,4-year,
University of Hawaii System,hawaii.edu,4-year,
University of Kansas School of Medicine,kumc.edu,4-year,
University of Louisiana at Lafeyette,louisiana.edu,4-year,
University of Maine System,maine.edu,4-year,
University of Maine at Machias,umm.maine.edu,4-year,
University of Maine at Presque Island,umpi.maine.edu,4-year,
University of Massachusetts at Dartmouth,umassd.edu,4-year,
University of Massachusetts at Lowell,uml.edu,4-year,
University of Mississippi Medical Center,umc.edu,4-year,
University of Missouri - Rolla,umr.edu,4-year,
University of Missouri - Saint Louis,umsl.edu,4-year,
University of North Carolina at Asheville,unca.edu,4-year,
University of North Carolina at Wilmington,uncw.edu,4-year,
University of North Texas Health Science Center,hsc.unt.edu,4-year,
University of Phoenix,phoenix.edu,4-year,
University of Pikeville,upike.edu,4-year,
University of Pittsburgh Medical Center,upmc.edu,4-year,
University of Pittsburgh at Bradford,upb.pitt.edu,4-year,
University of Pittsburgh at Johnstown,upj.pitt.edu,4-year,
University of Pittsburgh-Titusville,upt.pitt.edu,4-year,
University of Saint Thomas (MN),stthomas.edu,4-year,
University of Saint Thomas (TX),stthom.edu,4-year,
University of Southern Indiana,usi.edu,4-year,
University of Southwestern Louisiana,usl.edu,4-year,
University of St. Augustine for Health Sciences,usa.edu,4-year,
University of Tennessee at Chattanooga,utc.edu,4-year,
University of Texas - Pan American,panam.edu,4-year,
University of Texas Medical Branch,utmb.edu,4-year,
University of Texas Southwestern Medical Center,swmed.edu,4-year,
University of Texas at Brownsville,utb.edu,4-year,
University of Wisconsin - LaCrosse,uwlax.edu,4-year,
University of Wisconsin Colleges,uwc.edu,4-year,
University of Wisconsin System,uwsa.edu,4-year,
University of the District of Columbia,udc.edu,4-year,
University of the People,uopeople.edu,4-year,
Urban College of Boston,urbancollege.edu,4-year,
Utah Tech University,utahtech.edu,4-year,
Utah Valley State College,uvsc.edu,4-year,
Utah Valley University,uvu.edu,4-year,
Utica College,utica.edu,4-year,
Valencia College,valenciacollege.edu,4-year,
Valley Forge Military Academy and College,vfmac.edu,4-year,
Ventura College,venturacollege.edu,4-year,
Verde Valley School,vvsaz.org,4-year,
Vermont Law School,vermontlaw.edu,4-year,
Vernon College,vernoncollege.edu,4-year,
Victor Valley College,vvc.edu,4-year,
Victoria College,victoriacollege.edu,4-year,
Villa Julie College,vjc.edu,4-year,
Virginia Intermont College,vic.edu,4-year,
Virginia University of Lynchburg,vul.edu,4-year,
Voorhees University,voorhees.edu,4-year,
Wake Forest Baptist Health,wakehealth.edu,4-year,
Walden University,waldenu.edu,4-year,
Walla Walla University,wallawalla.edu,4-year,
Walsh College,walshcollege.edu,4-year,
Washburn University,wuacc.edu,4-year,
Washington State University at Vancouver,vancouver.wsu.edu,4-year,
"Washington University, Saint Louis",wustl.edu,4-year,
Waynesburg College,waynesburg.edu,4-year,
Weatherford College,wc.edu,4-year,
Weber State University,weber.edu,4-year,
Wells College,wells.edu,4-year,
Wenatchee Valley College,wvc.edu,4-year,
Wesley College,wesley.edu,4-year,
West Coast University,westcoastuniversity.edu,4-year,
West Hills College-Coalinga,westhillscollege.com,4-year,
West Liberty State College,wlsc.wvnet.edu,4-year,
West Los Angeles College,wlac.edu,4-year,
West Valley College,westvalley.edu,4-year,
West Virginia University at Parkersburg,westliberty.edu,4-year,
Western Governors University,wgu.edu,4-year,
Western Montana College,wmc.edu,4-year,
Western Nevada College,wnc.edu,4-year,
Western New England College,wnec.edu,4-year,
Western New Mexico University,wnmu.edu,4-year,
Western Oklahoma State College,wosc.edu,4-year,
Western State Colorado University,western.edu,4-year,
Western Texas College,wtc.edu,4-year,
Western University of Health Sciences,westernu.edu,4-year,
Westfield State College,westfield.mass.edu,4-year,
Westminster College of Fulton,westminster-mo.edu,4-year,
Westminster College of New Wilmington,westminster.edu,4-year,
Westminster College of Salt Lake City,wcslc.edu,4-year,
"Wheaton College, Norton MA",wheatonma.edu,4-year,
Wheeling Jesuit College,wjc.edu,4-year,
Whitworth College,whitworth.edu,4-year,
Wiley College,wileyc.edu,4-year,
William Howard Taft University,taftu.edu,4-year,
William Mitchell College of Law,wmitchell.edu,4-year,
William Penn College,wmpenn.edu,4-year,
Williston State College,willistonstate.edu,4-year,
Woods Hole Oceanographic Institution,whoi.edu,4-year,
Wright State University,wright.edu,4-year,
YTI Career Institute,yti.edu,4-year,
Yavapai College,yc.edu,4-year,
Yuba College,yc.yccd.edu,4-year,
Zane State College,zanestate.edu,4-year,
Academy of Art University,academyart.edu,2yr / vocational / religious,
Adirondack Community College,www.sunyacc.edu,2yr / vocational / religious,
Aiken Technical College,atc.edu,2yr / vocational / religious,
Aims Community College,aims.edu,2yr / vocational / religious,
Alabama Southern Community College,ascc.edu,2yr / vocational / religious,
Alamance Community College,alamancecc.edu,2yr / vocational / religious,
Albany Technical College,albanytech.edu,2yr / vocational / religious,
Alexandria Technical & Community College,alextech.edu,2yr / vocational / religious,
Allen County Community College,allencc.edu,2yr / vocational / religious,
Alpena Community College,alpenacc.edu,2yr / vocational / religious,
Alvin Community College,alvincollege.edu,2yr / vocational / religious,
American Academy of Dramatic Arts-New York,aada.edu,2yr / vocational / religious,
Anne Arundel Community College,aacc.edu,2yr / vocational / religious,
Anoka Technical College,anokatech.edu,2yr / vocational / religious,
Anoka-Ramsey Community College,anokaramsey.edu,2yr / vocational / religious,
Arapahoe Community College,arapahoe.edu,2yr / vocational / religious,
Asheville-Buncombe Technical Community College,abtech.edu,2yr / vocational / religious,
Ashland Community and Technical College,ashland.kctcs.edu,2yr / vocational / religious,
Asnuntuck Community College,asnuntuck.edu,2yr / vocational / religious,
Athens Technical College,athenstech.edu,2yr / vocational / religious,
Atlanta Technical College,atlantatech.edu,2yr / vocational / religious,
Atlantic Cape Community College,atlantic.edu,2yr / vocational / religious,
Augusta Technical College,augustatech.edu,2yr / vocational / religious,
Austin Community College,austincc.edu,2yr / vocational / religious,
Baltimore City Community College,bccc.edu,2yr / vocational / religious,
Barber-Scotia College,b-sc.edu,2yr / vocational / religious,
Barstow Community College,barstow.edu,2yr / vocational / religious,
Barton County Community College,bartonccc.edu,2yr / vocational / religious,
Bates Technical College,bates.ctc.edu,2yr / vocational / religious,
Baton Rouge Community College,mybrcc.edu,2yr / vocational / religious,
Bay Mills Community College,bmcc.edu,2yr / vocational / religious,
Bay de Noc Community College,baycollege.edu,2yr / vocational / religious,
Beaufort County Community College,beaufortccc.edu,2yr / vocational / religious,
Bellingham Technical College,btc.ctc.edu,2yr / vocational / religious,
Bergen Community College,bergen.edu,2yr / vocational / religious,
Berkshire Community College,berkshirecc.edu,2yr / vocational / religious,
Bevill State Community College,bscc.edu,2yr / vocational / religious,
Big Bend Community College,bigbend.edu,2yr / vocational / religious,
Big Sandy Community and Technical College,bigsandy.kctcs.edu,2yr / vocational / religious,
Bishop State Community College,bishop.edu,2yr / vocational / religious,
Black River Technical College,blackrivertech.edu,2yr / vocational / religious,
Blackfeet Community College,bfcc.edu,2yr / vocational / religious,
Blackhawk Technical College,blackhawk.edu,2yr / vocational / religious,
Bladen Community College,bladencc.edu,2yr / vocational / religious,
Blue Mountain Community College,bluecc.edu,2yr / vocational / religious,
Blue Ridge Community College,blueridge.edu,2yr / vocational / religious,
Blue Ridge Community and Technical College,blueridgectc.edu,2yr / vocational / religious,
Bluegrass Community and Technical College,bluegrass.kctcs.edu,2yr / vocational / religious,
Bossier Parish Community College,bpcc.edu,2yr / vocational / religious,
Bridgemont Community and Technical College,bridgemont.edu,2yr / vocational / religious,
Bristol Community College,bristolcc.edu,2yr / vocational / religious,
Brookdale Community College,brookdalecc.edu,2yr / vocational / religious,
Brunswick Community College,brunswickcc.edu,2yr / vocational / religious,
Bucks County Community College,bucks.edu,2yr / vocational / religious,
Bunker Hill Community College,bhcc.mass.edu,2yr / vocational / religious,
Butler Community College,butlercc.edu,2yr / vocational / religious,
Butler County Community College,bc3.edu,2yr / vocational / religious,
CUNY Borough of Manhattan Community College,bmcc.cuny.edu,2yr / vocational / religious,
CUNY Bronx Community College,bcc.cuny.edu,2yr / vocational / religious,
CUNY Hostos Community College,hostos.cuny.edu,2yr / vocational / religious,
CUNY Kingsborough Community College,kbcc.cuny.edu,2yr / vocational / religious,
CUNY LaGuardia Community College,lagcc.cuny.edu,2yr / vocational / religious,
CUNY Queensborough Community College,qcc.cuny.edu,2yr / vocational / religious,
Caldwell Community College and Technical Institute,cccti.edu,2yr / vocational / religious,
Calhoun Community College,calhoun.edu,2yr / vocational / religious,
Camden County College,camdencc.edu,2yr / vocational / religious,
Cankdeska Cikana Community College,littlehoop.edu,2yr / vocational / religious,
Cape Cod Community College,capecod.edu,2yr / vocational / religious,
Cape Fear Community College,cfcc.edu,2yr / vocational / religious,
Capital Community College,ccc.commnet.edu,2yr / vocational / religious,
Carroll Community College,carrollcc.edu,2yr / vocational / religious,
Carteret Community College,carteret.edu,2yr / vocational / religious,
Cascadia Community College,cascadia.edu,2yr / vocational / religious,
Catawba Valley Community College,cvcc.edu,2yr / vocational / religious,
Cayuga County Community College,cayuga-cc.edu,2yr / vocational / religious,
Central Alabama Community College,cacc.edu,2yr / vocational / religious,
Central Carolina Community College,cccc.edu,2yr / vocational / religious,
Central Carolina Technical College,cctech.edu,2yr / vocational / religious,
Central Community College,cccneb.edu,2yr / vocational / religious,
Central Georgia Technical College,centralgatech.edu,2yr / vocational / religious,
Central Maine Community College,cmcc.edu,2yr / vocational / religious,
Central New Mexico Community College,cnm.edu,2yr / vocational / religious,
Central Ohio Technical College,cotc.edu,2yr / vocational / religious,
Central Oregon Community College,cocc.edu,2yr / vocational / religious,
Central Piedmont Community College,cpcc.edu,2yr / vocational / religious,
Central Virginia Community College,cvcc.vccs.edu,2yr / vocational / religious,
Cerro Coso Community College,cerrocoso.edu,2yr / vocational / religious,
Chabot-Las Positas Community College District,clpccd.edu,2yr / vocational / religious,
Chandler-Gilbert Community College,cgc.maricopa.edu,2yr / vocational / religious,
Chattahoochee Technical College,chattahoocheetech.edu,2yr / vocational / religious,
Chattahoochee Valley Community College,cv.edu,2yr / vocational / religious,
Chattanooga State Community College,chattanoogastate.edu,2yr / vocational / religious,
Chemeketa Community College,chemeketa.edu,2yr / vocational / religious,
Chippewa Valley Technical College,cvtc.edu,2yr / vocational / religious,
Christian Theological Seminary,cts.edu,2yr / vocational / religious,
Cincinnati State Technical and Community College,cincinnatistate.edu,2yr / vocational / religious,
Clackamas Community College,clackamas.edu,2yr / vocational / religious,
Claremont School of Theology,cst.edu,2yr / vocational / religious,
Clark State Community College,clarkstate.edu,2yr / vocational / religious,
Clatsop Community College,clatsopcc.edu,2yr / vocational / religious,
Cleveland Community College,clevelandcc.edu,2yr / vocational / religious,
Cleveland State Community College,clevelandstatecc.edu,2yr / vocational / religious,
Clinton Community College,clinton.edu,2yr / vocational / religious,
Cloud County Community College,cloud.edu,2yr / vocational / religious,
Clover Park Technical College,cptc.edu,2yr / vocational / religious,
Clovis Community College,clovis.edu,2yr / vocational / religious,
Coahoma Community College,coahomacc.edu,2yr / vocational / religious,
Coastal Alabama Community College,coastalalabama.edu,2yr / vocational / religious,
Coastal Carolina Community College,coastalcarolina.edu,2yr / vocational / religious,
Coastal Pines Technical College,coastalpines.edu,2yr / vocational / religious,
Coastline Community College,coastline.edu,2yr / vocational / religious,
Coconino Community College,coconino.edu,2yr / vocational / religious,
Coffeyville Community College,coffeyville.edu,2yr / vocational / religious,
Colby Community College,colbycc.edu,2yr / vocational / religious,
Collin County Community College District,collin.edu,2yr / vocational / religious,
Colorado Community College System,cccs.edu,2yr / vocational / religious,
Colorado Northwestern Community College,cncc.edu,2yr / vocational / religious,
Columbia Gorge Community College,cgcc.cc.or.us,2yr / vocational / religious,
Columbia State Community College,columbiastate.edu,2yr / vocational / religious,
Columbia-Greene Community College,sunycgcc.edu,2yr / vocational / religious,
Columbus State Community College,cscc.edu,2yr / vocational / religious,
Columbus Technical College,columbustech.edu,2yr / vocational / religious,
Community College System of New Hampshire,ccsnh.edu,2yr / vocational / religious,
Community College of Allegheny County,ccac.edu,2yr / vocational / religious,
Community College of Aurora,ccaurora.edu,2yr / vocational / religious,
Community College of Baltimore County,ccbcmd.edu,2yr / vocational / religious,
Community College of Beaver County,ccbc.edu,2yr / vocational / religious,
Community College of Denver,ccd.edu,2yr / vocational / religious,
Community College of Philadelphia,ccp.edu,2yr / vocational / religious,
Community College of Rhode Island,ccri.edu,2yr / vocational / religious,
Community College of Vermont,ccv.edu,2yr / vocational / religious,
Contra Costa Community College District,4cd.edu,2yr / vocational / religious,
Copiah-Lincoln Community College,colin.edu,2yr / vocational / religious,
Copper Mountain Community College,cmccd.edu,2yr / vocational / religious,
Corning Community College,corning-cc.edu,2yr / vocational / religious,
Cossatot Community College of the University of Arkansas,cccua.edu,2yr / vocational / religious,
County College of Morris,ccm.edu,2yr / vocational / religious,
Cowley County Community College,cowley.edu,2yr / vocational / religious,
Craven Community College,cravencc.edu,2yr / vocational / religious,
Cumberland County College,cccnj.edu,2yr / vocational / religious,
Cuyahoga Community College District,tri-c.edu,2yr / vocational / religious,
Dabney S Lancaster Community College,dslcc.edu,2yr / vocational / religious,
Dakota County Technical College,dctc.edu,2yr / vocational / religious,
Dallas County Community College,dcccd.edu,2yr / vocational / religious,
Danville Area Community College,dacc.edu,2yr / vocational / religious,
Danville Community College,dcc.vccs.edu,2yr / vocational / religious,
Davidson County Community College,davidsonccc.edu,2yr / vocational / religious,
Davidson-Davie Community College,davidsondavie.edu,2yr / vocational / religious,
Dawson Community College,dawson.edu,2yr / vocational / religious,
Delaware County Community College,dccc.edu,2yr / vocational / religious,
Delaware Technical Community College,dtcc.edu,2yr / vocational / religious,
Delgado Community College,dcc.edu,2yr / vocational / religious,
Denmark Technical College,denmarktech.edu,2yr / vocational / religious,
Des Moines Area Community College,dmacc.edu,2yr / vocational / religious,
Dodge City Community College,dc3.edu,2yr / vocational / religious,
Durham Technical Community College,durhamtech.edu,2yr / vocational / religious,
Dutchess Community College,sunydutchess.edu,2yr / vocational / religious,
Dyersburg State Community College,dscc.edu,2yr / vocational / religious,
East Arkansas Community College,www.eacc.edu,2yr / vocational / religious,
East Central Community College,eccc.edu,2yr / vocational / religious,
East Mississippi Community College,eastms.edu,2yr / vocational / religious,
Eastern Gateway Community College,egcc.edu,2yr / vocational / religious,
Eastern Idaho Technical College,eitc.edu,2yr / vocational / religious,
Eastern Iowa Community College District,eicc.edu,2yr / vocational / religious,
Eastern Maine Community College,emcc.edu,2yr / vocational / religious,
Eastern Shore Community College,es.vccs.edu,2yr / vocational / religious,
Eastern West Virginia Community and Technical College,eastern.wvnet.edu,2yr / vocational / religious,
Edgecombe Community College,edgecombe.edu,2yr / vocational / religious,
Edison State Community College,edisonohio.edu,2yr / vocational / religious,
Edmonds Community College,edcc.edu,2yr / vocational / religious,
El Camino Community College District,elcamino.edu,2yr / vocational / religious,
El Paso Community College,epcc.edu,2yr / vocational / religious,
Elgin Community College,elgin.edu,2yr / vocational / religious,
Elizabethtown Community and Technical College,elizabethtown.kctcs.edu,2yr / vocational / religious,
Enterprise State Community College,escc.edu,2yr / vocational / religious,
Erie Community College,ecc.edu,2yr / vocational / religious,
Essex County College,essex.edu,2yr / vocational / religious,
Estrella Mountain Community College,estrellamountain.edu,2yr / vocational / religious,
Everett Community College,everettcc.edu,2yr / vocational / religious,
Fayetteville Technical Community College,faytechcc.edu,2yr / vocational / religious,
Feather River Community College District,frc.edu,2yr / vocational / religious,
Finger Lakes Community College,flcc.edu,2yr / vocational / religious,
Flathead Valley Community College,fvcc.edu,2yr / vocational / religious,
Flint Hills Technical College,fhtc.edu,2yr / vocational / religious,
Florence-Darlington Technical College,www.fdtc.edu,2yr / vocational / religious,
Florida Keys Community College,fkcc.edu,2yr / vocational / religious,
Fond du Lac Tribal and Community College,fdltcc.edu,2yr / vocational / religious,
Foothill-De Anza Community College District,fhda.edu,2yr / vocational / religious,
Forsyth Technical Community College,forsythtech.edu,2yr / vocational / religious,
Fort Peck Community College,fpcc.edu,2yr / vocational / religious,
Fort Scott Community College,fortscott.edu,2yr / vocational / religious,
Fountainhead College of Technology,fountainheadcollege.edu,2yr / vocational / religious,
Fox Valley Technical College,fvtc.edu,2yr / vocational / religious,
Frederick Community College,frederick.edu,2yr / vocational / religious,
Front Range Community College,frontrange.edu,2yr / vocational / religious,
Fuller Theological Seminary,fuller.edu,2yr / vocational / religious,
Fulton-Montgomery Community College,fmcc.edu,2yr / vocational / religious,
Gadsden State Community College,gadsdenstate.edu,2yr / vocational / religious,
Garden City Community College,gcccks.edu,2yr / vocational / religious,
Gasden State Community College,gadsenstate.edu,2yr / vocational / religious,
GateWay Community College,gatewaycc.edu,2yr / vocational / religious,
Gateway Community and Technical College,gateway.kctcs.edu,2yr / vocational / religious,
Gateway Technical College,gtc.edu,2yr / vocational / religious,
Genesee Community College,genesee.edu,2yr / vocational / religious,
George C Wallace State Community College-Dothan,wallace.edu,2yr / vocational / religious,
George C Wallace State Community College-Hanceville,wallacestate.edu,2yr / vocational / religious,
George C Wallace State Community College-Selma,wccs.edu,2yr / vocational / religious,
Georgia Northwestern Technical College,gntc.edu,2yr / vocational / religious,
Georgia Piedmont Technical College,gptc.edu,2yr / vocational / religious,
Germanna Community College,germanna.edu,2yr / vocational / religious,
Glen Oaks Community College,glenoaks.edu,2yr / vocational / religious,
Glendale Community College,gccaz.edu,2yr / vocational / religious,
Gloucester County College,gccnj.edu,2yr / vocational / religious,
Gogebic Community College,gogebic.edu,2yr / vocational / religious,
Grand Rapids Community College,grcc.edu,2yr / vocational / religious,
Great Bay Community College,greatbay.edu,2yr / vocational / religious,
Green River Community College,greenriver.edu,2yr / vocational / religious,
Greenfield Community College,gcc.mass.edu,2yr / vocational / religious,
Greenville Technical College,gvltec.edu,2yr / vocational / religious,
Guilford Technical Community College,gtcc.edu,2yr / vocational / religious,
Gwinnett Technical College,gwinnetttech.edu,2yr / vocational / religious,
H Councill Trenholm State Technical College,trenholmstate.edu,2yr / vocational / religious,
Hagerstown Community College,hagerstowncc.edu,2yr / vocational / religious,
Halifax Community College,halifaxcc.edu,2yr / vocational / religious,
Harford Community College,harford.edu,2yr / vocational / religious,
Harrisburg Area Community College-Harrisburg,hacc.edu,2yr / vocational / religious,
Hawaii Community College,hawaii.hawaii.edu,2yr / vocational / religious,
Hawkeye Community College,hawkeyecollege.edu,2yr / vocational / religious,
Haywood Community College,haywood.edu,2yr / vocational / religious,
Hazard Community and Technical College,hazard.kctcs.edu,2yr / vocational / religious,
Heartland Community College,heartland.edu,2yr / vocational / religious,
Henderson Community College,hencc.kctcs.edu,2yr / vocational / religious,
Hennepin Technical College,hennepintech.edu,2yr / vocational / religious,
Herkimer County Community College,herkimer.edu,2yr / vocational / religious,
Hibbing Community College,hibbing.edu,2yr / vocational / religious,
Highland Community College,highland.edu,2yr / vocational / religious,
Highline Community College,highline.edu,2yr / vocational / religious,
Hillsborough Community College,hccfl.edu,2yr / vocational / religious,
Hinds Community College,hindscc.edu,2yr / vocational / religious,
Holmes Community College,holmescc.edu,2yr / vocational / religious,
Holyoke Community College,hcc.edu,2yr / vocational / religious,
Honolulu Community College,honolulu.hawaii.edu,2yr / vocational / religious,
Hood Theological,hoodseminary.edu,2yr / vocational / religious,
Hopkinsville Community College,hopkinsville.kctcs.edu,2yr / vocational / religious,
Horry-Georgetown Technical College,hgtc.edu,2yr / vocational / religious,
Housatonic Community College,hcc.commnet.edu,2yr / vocational / religious,
Houston Community College,hccs.edu,2yr / vocational / religious,
Howard Community College,howardcc.edu,2yr / vocational / religious,
Hudson County Community College,hccc.edu,2yr / vocational / religious,
Hudson Valley Community College,hvcc.edu,2yr / vocational / religious,
Huntington Junior College,huntingtonjuniorcollege.edu,2yr / vocational / religious,
Hutchinson Community College,hutchcc.edu,2yr / vocational / religious,
ITT Technical Institute,itt-tech.info,2yr / vocational / religious,
Illinois Eastern Community Colleges,iecc.edu,2yr / vocational / religious,
Illinois Valley Community College,ivcc.edu,2yr / vocational / religious,
Independence Community College,indycc.edu,2yr / vocational / religious,
Indian Hills Community College,indianhills.edu,2yr / vocational / religious,
Interdenominational Theological Center,itc.edu,2yr / vocational / religious,
Inver Hills Community College,inverhills.edu,2yr / vocational / religious,
Iowa Central Community College,iowacentral.edu,2yr / vocational / religious,
Iowa Lakes Community College,iowalakes.edu,2yr / vocational / religious,
Iowa Western Community College,iwcc.edu,2yr / vocational / religious,
Island Drafting & Technical Institute,idti.edu,2yr / vocational / religious,
Isothermal Community College,isothermal.edu,2yr / vocational / religious,
Itasca Community College,itascacc.edu,2yr / vocational / religious,
Itawamba Community College,iccms.edu,2yr / vocational / religious,
Ivy Tech Community College,ivytech.edu,2yr / vocational / religious,
J F Drake State Community and Technical College,drakestate.edu,2yr / vocational / religious,
J Sargeant Reynolds Community College,reynolds.edu,2yr / vocational / religious,
Jackson State Community College,jscc.edu,2yr / vocational / religious,
James H Faulkner State Community College,faulknerstate.edu,2yr / vocational / religious,
James Sprunt Community College,jamessprunt.edu,2yr / vocational / religious,
Jamestown Community College,sunyjcc.edu,2yr / vocational / religious,
Jefferson Community College,sunyjefferson.edu,2yr / vocational / religious,
Jefferson Community and Technical College,jefferson.kctcs.edu,2yr / vocational / religious,
Jefferson Davis Community College,jdcc.edu,2yr / vocational / religious,
Jefferson State Community College,jeffstateonline.com,2yr / vocational / religious,
John Tyler Community College,jtcc.edu,2yr / vocational / religious,
John Wood Community College,jwcc.edu,2yr / vocational / religious,
Johnson Bible College,jbc.edu,2yr / vocational / religious,
Johnson C Smith Theological Seminary *,smithseminary.org,2yr / vocational / religious,
Johnson County Community College,jccc.edu,2yr / vocational / religious,
Johnston Community College,johnstoncc.edu,2yr / vocational / religious,
Joliet Junior College,jjc.edu,2yr / vocational / religious,
Jones County Junior College,jcjc.edu,2yr / vocational / religious,
Kalamazoo Valley Community College,kvcc.edu,2yr / vocational / religious,
Kanawha Valley Community and Technical College,kvctc.edu,2yr / vocational / religious,
Kankakee Community College,kcc.edu,2yr / vocational / religious,
Kansas City Kansas Community College,kckcc.edu,2yr / vocational / religious,
Kapiolani Community College,kapiolani.hawaii.edu,2yr / vocational / religious,
Kauai Community College,kauai.hawaii.edu,2yr / vocational / religious,
Kellogg Community College,kellogg.edu,2yr / vocational / religious,
Kennebec Valley Community College,kvcc.me.edu,2yr / vocational / religious,
Kentucky Community & Technical College System,kctcs.edu,2yr / vocational / religious,
Keweenaw Bay Ojibwa Community College,kbocc.org,2yr / vocational / religious,
Kilian Community College,kilian.edu,2yr / vocational / religious,
Kirkwood Community College,kirkwood.edu,2yr / vocational / religious,
Kirtland Community College,kirtland.edu,2yr / vocational / religious,
Klamath Community College,klamathcc.edu,2yr / vocational / religious,
L E Fletcher Technical Community College,fletcher.edu,2yr / vocational / religious,
Labette Community College,labette.edu,2yr / vocational / religious,
Lac Courte Oreilles Ojibwa Community College,lco.edu,2yr / vocational / religious,
Lake Area Technical Institute,lakeareatech.edu,2yr / vocational / religious,
Lake Tahoe Community College,ltcc.edu,2yr / vocational / religious,
Lakeland Community College,lakelandcc.edu,2yr / vocational / religious,
Lakes Region Community College,lrcc.edu,2yr / vocational / religious,
Lakeshore Technical College,gotoltc.edu,2yr / vocational / religious,
Lamar Community College,lamarcc.edu,2yr / vocational / religious,
Lane Community College,lanecc.edu,2yr / vocational / religious,
Lanier Technical College,laniertech.edu,2yr / vocational / religious,
Lansing Community College,lcc.edu,2yr / vocational / religious,
Laramie County Community College,lccc.wy.edu,2yr / vocational / religious,
Laredo Community College,laredo.edu,2yr / vocational / religious,
Lassen Community College,lassencollege.edu,2yr / vocational / religious,
Lawson State Community College,lawsonstate.edu,2yr / vocational / religious,
Leeward Community College,leeward.hawaii.edu,2yr / vocational / religious,
Lehigh Carbon Community College,lccc.edu,2yr / vocational / religious,
Lenoir Community College,lenoircc.edu,2yr / vocational / religious,
Lewis and Clark Community College,lc.edu,2yr / vocational / religious,
Lincoln Land Community College,llcc.edu,2yr / vocational / religious,
Linn State Technical College,linnstate.edu,2yr / vocational / religious,
Linn-Benton Community College,linnbenton.edu,2yr / vocational / religious,
Lorain County Community College,lorainccc.edu,2yr / vocational / religious,
Lord Fairfax Community College,lfcc.edu,2yr / vocational / religious,
Los Angeles Community College District,laccd.edu,2yr / vocational / religious,
Los Angeles County College of Nursing and Allied Health,lacounty.org,2yr / vocational / religious,
Los Angeles Trade Technical College,lattc.edu,2yr / vocational / religious,
Los Rios Community College District,losrios.edu,2yr / vocational / religious,
Louisiana Delta Community College,ladelta.edu,2yr / vocational / religious,
Luna Community College,luna.edu,2yr / vocational / religious,
Lurleen B Wallace Community College,lbwcc.edu,2yr / vocational / religious,
Luzerne County Community College,luzerne.edu,2yr / vocational / religious,
Macomb Community College,macomb.edu,2yr / vocational / religious,
Madison Area Technical College,madisoncollege.edu,2yr / vocational / religious,
Madisonville Community College,madisonville.kctcs.edu,2yr / vocational / religious,
Manchester Community College,mcc.commnet.edu,2yr / vocational / religious,
Manhattan Area Technical College,manhattantech.edu,2yr / vocational / religious,
Maricopa Community Colleges,maricopa.edu,2yr / vocational / religious,
Marion Technical College,mtc.edu,2yr / vocational / religious,
Marshalltown Community College,iavalley.edu,2yr / vocational / religious,
Martin Community College,martincc.edu,2yr / vocational / religious,
Massachusetts Bay Community College,massbay.edu,2yr / vocational / religious,
Massasoit Community College,massasoit.mass.edu,2yr / vocational / religious,
Mayland Community College,mayland.edu,2yr / vocational / religious,
Maysville Community and Technical College,maysville.kctcs.edu,2yr / vocational / religious,
McDowell Technical Community College,mcdowelltech.edu,2yr / vocational / religious,
McHenry County College,mchenry.edu,2yr / vocational / religious,
McLennan Community College,mclennan.edu,2yr / vocational / religious,
Mercer County Community College,mccc.edu,2yr / vocational / religious,
Meridian Community College,meridiancc.edu,2yr / vocational / religious,
Mesa Community College,mesacc.edu,2yr / vocational / religious,
Mesabi Range Community and Technical College,mesabirange.edu,2yr / vocational / religious,
Mesalands Community College,mesalands.edu,2yr / vocational / religious,
Metropolitan Community College (MO),mcckc.edu,2yr / vocational / religious,
Metropolitan Community College (NE),mccneb.edu,2yr / vocational / religious,
Mid Michigan Community College,midmich.edu,2yr / vocational / religious,
Mid-Plains Community College,mpcc.edu,2yr / vocational / religious,
Mid-South Community College,midsouthcc.edu,2yr / vocational / religious,
Mid-State Technical College,mstc.edu,2yr / vocational / religious,
Middlesex Community College,mxcc.commnet.edu,2yr / vocational / religious,
Middlesex County College,middlesexcc.edu,2yr / vocational / religious,
Midlands Technical College,midlandstech.edu,2yr / vocational / religious,
Miles Community College,milescc.edu,2yr / vocational / religious,
Milwaukee Area Technical College,matc.edu,2yr / vocational / religious,
Minneapolis Community and Technical College,minneapolis.edu,2yr / vocational / religious,
Minnesota State Community and Technical College,minnesota.edu,2yr / vocational / religious,
Minnesota West Community and Technical College,mnwest.edu,2yr / vocational / religious,
Mississippi Delta Community College,msdelta.edu,2yr / vocational / religious,
Mississippi Gulf Coast Community College,mgccc.edu,2yr / vocational / religious,
Mitchell Community College,mitchellcc.edu,2yr / vocational / religious,
Mitchell Technical Institute,mitchelltech.edu,2yr / vocational / religious,
Moberly Area Community College,macc.edu,2yr / vocational / religious,
Modesto Junior College,mjc.edu,2yr / vocational / religious,
Mohave Community College,mohave.edu,2yr / vocational / religious,
Mohawk Valley Community College,mvcc.edu,2yr / vocational / religious,
Monroe Community College,monroecc.edu,2yr / vocational / religious,
Monroe County Community College,monroeccc.edu,2yr / vocational / religious,
Montcalm Community College,montcalm.edu,2yr / vocational / religious,
Montgomery Community College,montgomery.edu,2yr / vocational / religious,
Montgomery County Community College,mc3.edu,2yr / vocational / religious,
Moraine Park Technical College,morainepark.edu,2yr / vocational / religious,
Moraine Valley Community College,morainevalley.edu,2yr / vocational / religious,
Morgan Community College,morgancc.edu,2yr / vocational / religious,
Motlow State Community College,mscc.edu,2yr / vocational / religious,
Mott Community College,mcc.edu,2yr / vocational / religious,
Moultrie Technical College,moultrietech.edu,2yr / vocational / religious,
Mount Wachusett Community College,mwcc.edu,2yr / vocational / religious,
Mountain Empire Community College,mecc.edu,2yr / vocational / religious,
Mountwest Community and Technical College,mctc.edu,2yr / vocational / religious,
Mt. Hood Community College,mhcc.edu,2yr / vocational / religious,
Mt. San Jacinto Community College District,msjc.edu,2yr / vocational / religious,
Muskegon Community College,muskegoncc.edu,2yr / vocational / religious,
NHTI-Concord's Community College,nhti.edu,2yr / vocational / religious,
Nash Community College,nashcc.edu,2yr / vocational / religious,
Nashua Community College,nashuacc.edu,2yr / vocational / religious,
Nashville State Community College,nscc.edu,2yr / vocational / religious,
Nassau Community College,ncc.edu,2yr / vocational / religious,
National Park Community College,npcc.edu,2yr / vocational / religious,
Naugatuck Valley Community College,nv.edu,2yr / vocational / religious,
Nebraska Indian Community College,thenicc.edu,2yr / vocational / religious,
Neosho County Community College,neosho.edu,2yr / vocational / religious,
New Mexico Junior College,nmjc.edu,2yr / vocational / religious,
New River Community College,nr.edu,2yr / vocational / religious,
New River Community and Technical College,newriver.edu,2yr / vocational / religious,
Niagara County Community College,niagaracc.suny.edu,2yr / vocational / religious,
Nicolet Area Technical College,nicoletcollege.edu,2yr / vocational / religious,
Normandale Community College,normandale.edu,2yr / vocational / religious,
North Central Bible College,ncbc.edu,2yr / vocational / religious,
North Central Kansas Technical College,ncktc.edu,2yr / vocational / religious,
North Country Community College,nccc.edu,2yr / vocational / religious,
North Florida Community College,nfcc.edu,2yr / vocational / religious,
North Georgia Technical College,northgatech.edu,2yr / vocational / religious,
North Hennepin Community College,nhcc.edu,2yr / vocational / religious,
North Iowa Area Community College,niacc.edu,2yr / vocational / religious,
North Park College and Theological Seminary,npcts.edu,2yr / vocational / religious,
North Shore Community College,northshore.edu,2yr / vocational / religious,
NorthWest Arkansas Community College,nwacc.edu,2yr / vocational / religious,
Northampton Community College,northampton.edu,2yr / vocational / religious,
Northcentral Technical College,ntc.edu,2yr / vocational / religious,
Northeast Alabama Community College,nacc.edu,2yr / vocational / religious,
Northeast Community College,northeast.edu,2yr / vocational / religious,
Northeast Iowa Community College,nicc.edu,2yr / vocational / religious,
Northeast Mississippi Community College,nemcc.edu,2yr / vocational / religious,
Northeast State Community College,northeaststate.edu,2yr / vocational / religious,
Northeast Texas Community College,ntcc.edu,2yr / vocational / religious,
Northeast Wisconsin Technical College,nwtc.edu,2yr / vocational / religious,
Northeastern Junior College,njc.edu,2yr / vocational / religious,
Northeastern Technical College,netc.edu,2yr / vocational / religious,
Northern Essex Community College,necc.edu,2yr / vocational / religious,
Northern Maine Community College,nmcc.edu,2yr / vocational / religious,
Northern Virginia Community College,nvcc.edu,2yr / vocational / religious,
Northland Community and Technical College,northlandcollege.edu,2yr / vocational / religious,
Northwest Iowa Community College,nwicc.edu,2yr / vocational / religious,
Northwest Kansas Technical College,nwktc.edu,2yr / vocational / religious,
Northwest Mississippi Community College,northwestms.edu,2yr / vocational / religious,
Northwest State Community College,northweststate.edu,2yr / vocational / religious,
Northwest Technical College,ntcmn.edu,2yr / vocational / religious,
Northwest-Shoals Community College,nwscc.edu,2yr / vocational / religious,
Northwestern Connecticut Community College,nwcc.commnet.edu,2yr / vocational / religious,
Norwalk Community College,ncc.commnet.edu,2yr / vocational / religious,
Nunez Community College,nunez.edu,2yr / vocational / religious,
Oakland Community College,oaklandcc.edu,2yr / vocational / religious,
Oakton Community College,oakton.edu,2yr / vocational / religious,
Ocean County College,ocean.edu,2yr / vocational / religious,
Ogeechee Technical College,ogeecheetech.edu,2yr / vocational / religious,
Ohio State University Agricultural Technical Institute,ati.osu.edu,2yr / vocational / religious,
Oklahoma City Community College,occc.edu,2yr / vocational / religious,
Onondaga Community College,sunyocc.edu,2yr / vocational / religious,
Orange County Community College,sunyorange.edu,2yr / vocational / religious,
Orangeburg Calhoun Technical College,octech.edu,2yr / vocational / religious,
Otero Junior College,www.ojc.edu,2yr / vocational / religious,
Owens Community College,owens.edu,2yr / vocational / religious,
Owensboro Community and Technical College,owensboro.kctcs.edu,2yr / vocational / religious,
Ozarks Technical Community College,otc.edu,2yr / vocational / religious,
Pamlico Community College,pamlicocc.edu,2yr / vocational / religious,
Paradise Valley Community College,pvc.maricopa.edu,2yr / vocational / religious,
Paris Junior College,parisjc.edu,2yr / vocational / religious,
Pasco-Hernando Community College,phcc.edu,2yr / vocational / religious,
Passaic County Community College,pccc.edu,2yr / vocational / religious,
Patrick Henry Community College,patrickhenry.edu,2yr / vocational / religious,
Paul D Camp Community College,pdc.edu,2yr / vocational / religious,
Pearl River Community College,prcc.edu,2yr / vocational / religious,
Pellissippi State Community College,pstcc.edu,2yr / vocational / religious,
Pennsylvania College of Technology,pct.edu,2yr / vocational / religious,
Pennsylvania Highlands Community College,pennhighlands.edu,2yr / vocational / religious,
Phillips Community College of the University of Arkansas,pccua.edu,2yr / vocational / religious,
Piedmont Community College,piedmontcc.edu,2yr / vocational / religious,
Piedmont Technical College,ptc.edu,2yr / vocational / religious,
Piedmont Virginia Community College,pvcc.edu,2yr / vocational / religious,
Pierpont Community and Technical College,pierpont.edu,2yr / vocational / religious,
Pikes Peak Community College,ppcc.edu,2yr / vocational / religious,
Pima Community College,pima.edu,2yr / vocational / religious,
Pine Technical College,pinetech.edu,2yr / vocational / religious,
Pitt Community College,pittcc.edu,2yr / vocational / religious,
Pittsburgh Technical Institute,pti.edu,2yr / vocational / religious,
Portland Community College,pcc.edu,2yr / vocational / religious,
Pratt Community College,prattcc.edu,2yr / vocational / religious,
Prince George's Community College,pgcc.edu,2yr / vocational / religious,
Pueblo Community College,pueblocc.edu,2yr / vocational / religious,
Pulaski Technical College,pulaskitech.edu,2yr / vocational / religious,
Quinebaug Valley Community College,qvcc.edu,2yr / vocational / religious,
Quinsigamond Community College,qcc.edu,2yr / vocational / religious,
Rainy River Community College,rrcc.mnscu.edu,2yr / vocational / religious,
Randolph Community College,randolph.edu,2yr / vocational / religious,
Rappahannock Community College,rappahannock.edu,2yr / vocational / religious,
Raritan Valley Community College,raritanval.edu,2yr / vocational / religious,
Reading Area Community College,racc.edu,2yr / vocational / religious,
Red Rocks Community College,rrcc.edu,2yr / vocational / religious,
Redlands Community College,redlandscc.edu,2yr / vocational / religious,
Renton Technical College,rtc.edu,2yr / vocational / religious,
Rich Mountain Community College,rmcc.edu,2yr / vocational / religious,
Richland Community College,richland.edu,2yr / vocational / religious,
Richmond Community College,richmondcc.edu,2yr / vocational / religious,
River Parishes Community College,rpcc.edu,2yr / vocational / religious,
River Valley Community College,rivervalley.edu,2yr / vocational / religious,
Riverland Community College,riverland.edu,2yr / vocational / religious,
Riverside Community College District,rccd.edu,2yr / vocational / religious,
Roane State Community College,roanestate.edu,2yr / vocational / religious,
Roanoke-Chowan Community College,roanokechowan.edu,2yr / vocational / religious,
Robeson Community College,robeson.edu,2yr / vocational / religious,
Rochester Community and Technical College,rctc.edu,2yr / vocational / religious,
Rockingham Community College,rockinghamcc.edu,2yr / vocational / religious,
Rockland Community College,sunyrockland.edu,2yr / vocational / religious,
Rogue Community College,roguecc.edu,2yr / vocational / religious,
Rowan-Cabarrus Community College,rccc.edu,2yr / vocational / religious,
Roxbury Community College,rcc.mass.edu,2yr / vocational / religious,
SOWELA Technical Community College,sowela.edu,2yr / vocational / religious,
SUNY Broome Community College,sunybroome.edu,2yr / vocational / religious,
SUNY Westchester Community College,sunywcc.edu,2yr / vocational / religious,
Salem Community College,salemcc.edu,2yr / vocational / religious,
Salt Lake Community College,slcc.edu,2yr / vocational / religious,
Sampson Community College,sampsoncc.edu,2yr / vocational / religious,
San Mateo County Community College District,smccd.edu,2yr / vocational / religious,
Sandhills Community College,sandhills.edu,2yr / vocational / religious,
Santa Fe Community College,sfcc.edu,2yr / vocational / religious,
Santa Rosa Junior College,santarosa.edu,2yr / vocational / religious,
Sauk Valley Community College,svcc.edu,2yr / vocational / religious,
Savannah Technical College,savannahtech.edu,2yr / vocational / religious,
Schenectady County Community College,sunysccc.edu,2yr / vocational / religious,
Scottsdale Community College,scottsdalecc.edu,2yr / vocational / religious,
Seward County Community College and Area Technical School,sccc.edu,2yr / vocational / religious,
Shawnee Community College,shawneecc.edu,2yr / vocational / religious,
Shelton State Community College,sheltonstate.edu,2yr / vocational / religious,
Shoreline Community College,shoreline.edu,2yr / vocational / religious,
Sinclair Community College,sinclair.edu,2yr / vocational / religious,
Snead State Community College,snead.edu,2yr / vocational / religious,
Solano Community College,solano.edu,2yr / vocational / religious,
Somerset Community College,somerset.kctcs.edu,2yr / vocational / religious,
South Arkansas Community College,southark.edu,2yr / vocational / religious,
South Georgia Technical College,southgatech.edu,2yr / vocational / religious,
South Louisiana Community College,solacc.edu,2yr / vocational / religious,
South Mountain Community College,southmountaincc.edu,2yr / vocational / religious,
South Piedmont Community College,spcc.edu,2yr / vocational / religious,
South Puget Sound Community College,spscc.ctc.edu,2yr / vocational / religious,
Southcentral Kentucky Community and Technical College,bowlinggreen.kctcs.edu,2yr / vocational / religious,
Southeast Community College Area,southeast.edu,2yr / vocational / religious,
Southeast Kentucky Community and Technical College,southeast.kctcs.edu,2yr / vocational / religious,
Southeast Technical Institute,southeasttech.edu,2yr / vocational / religious,
Southeastern Community College,scciowa.edu,2yr / vocational / religious,
Southeastern Technical College,southeasterntech.edu,2yr / vocational / religious,
Southern College of Technology,sct.edu,2yr / vocational / religious,
Southern Crescent Technical College,sctech.edu,2yr / vocational / religious,
Southern Maine Community College,smccme.edu,2yr / vocational / religious,
Southern State Community College,sscc.edu,2yr / vocational / religious,
Southern Union State Community College,suscc.edu,2yr / vocational / religious,
Southern West Virginia Community and Technical College,southernwv.edu,2yr / vocational / religious,
Southside Virginia Community College,southside.edu,2yr / vocational / religious,
Southwest Georgia Technical College,southwestgatech.edu,2yr / vocational / religious,
Southwest Mississippi Community College,smcc.edu,2yr / vocational / religious,
Southwest Tennessee Community College,southwest.tn.edu,2yr / vocational / religious,
Southwest Texas Junior College,swtjc.net,2yr / vocational / religious,
Southwest Virginia Community College,sw.edu,2yr / vocational / religious,
Southwest Wisconsin Technical College,swtc.edu,2yr / vocational / religious,
Southwestern Community College,swcciowa.edu,2yr / vocational / religious,
Southwestern Oregon Community College,socc.edu,2yr / vocational / religious,
Spartanburg Community College,sccsc.edu,2yr / vocational / religious,
Spokane Community College,scc.spokane.edu,2yr / vocational / religious,
Spokane Falls Community College,spokanefalls.edu,2yr / vocational / religious,
Springfield Technical Community College,stcc.edu,2yr / vocational / religious,
St Charles Community College,stchas.edu,2yr / vocational / religious,
St Cloud Technical and Community College,sctcc.edu,2yr / vocational / religious,
St. Clair County Community College,sc4.edu,2yr / vocational / religious,
Stanly Community College,stanly.edu,2yr / vocational / religious,
State Center Community College District,scccd.edu,2yr / vocational / religious,
State Fair Community College,sfccmo.edu,2yr / vocational / religious,
State University of New York College of Technology at Alfred,alfredtech.edu,2yr / vocational / religious,
Suffolk County Community College,www3.sunysuffolk.edu,2yr / vocational / religious,
Sullivan County Community College,sunysullivan.edu,2yr / vocational / religious,
Surry Community College,surry.edu,2yr / vocational / religious,
Sussex County Community College,sussex.edu,2yr / vocational / religious,
Tacoma Community College,tacomacc.edu,2yr / vocational / religious,
Tallahassee Community College,tcc.fl.edu,2yr / vocational / religious,
Tarrant County College,tccd.edu,2yr / vocational / religious,
Technical College of the Lowcountry,tcl.edu,2yr / vocational / religious,
Terra State Community College,terra.edu,2yr / vocational / religious,
Texas State Technical College-Harlingen,harlingen.tstc.edu,2yr / vocational / religious,
Texas State Technical College-Marshall,marshall.tstc.edu,2yr / vocational / religious,
Texas State Technical College-Waco,waco.tstc.edu,2yr / vocational / religious,
Texas State Technical College-West Texas,westtexas.tstc.edu,2yr / vocational / religious,
Thaddeus Stevens College of Technology,stevenscollege.edu,2yr / vocational / religious,
Thomas Nelson Community College,tncc.edu,2yr / vocational / religious,
Three Rivers Community College,trcc.commnet.edu,2yr / vocational / religious,
Tidewater Community College,tcc.edu,2yr / vocational / religious,
Tillamook Bay Community College,tbcc.cc.or.us,2yr / vocational / religious,
Tohono O'Odham Community College,tocc.edu,2yr / vocational / religious,
Tompkins Cortland Community College,tc3.edu,2yr / vocational / religious,
Treasure Valley Community College,tvcc.cc,2yr / vocational / religious,
Tri-County Community College,tricountycc.edu,2yr / vocational / religious,
Tri-County Technical College,tctc.edu,2yr / vocational / religious,
Trident Technical College,tridenttech.edu,2yr / vocational / religious,
Trinidad State Junior College,trinidadstate.edu,2yr / vocational / religious,
Trinity Valley Community College,tvcc.edu,2yr / vocational / religious,
Truckee Meadows Community College,tmcc.edu,2yr / vocational / religious,
Tulsa Community College,tulsacc.edu,2yr / vocational / religious,
Tunxis Community College,tunxis.edu,2yr / vocational / religious,
Tyler Junior College,www.tjc.edu,2yr / vocational / religious,
Ulster County Community College,www.sunyulster.edu,2yr / vocational / religious,
Umpqua Community College,umpqua.edu,2yr / vocational / religious,
Union County College,ucc.edu,2yr / vocational / religious,
University of Arkansas Community College-Batesville,uaccb.edu,2yr / vocational / religious,
University of Arkansas Community College-Hope,uacch.edu,2yr / vocational / religious,
University of Arkansas Community College-Morrilton,uaccm.edu,2yr / vocational / religious,
Vance-Granville Community College,vgcc.edu,2yr / vocational / religious,
Vermilion Community College,vcc.edu,2yr / vocational / religious,
Vermont Technical College,vtc.edu,2yr / vocational / religious,
Virginia Community College System,vccs.edu,2yr / vocational / religious,
Virginia Highlands Community College,vhcc.edu,2yr / vocational / religious,
Virginia Western Community College,virginiawestern.edu,2yr / vocational / religious,
Volunteer State Community College,volstate.edu,2yr / vocational / religious,
Wake Technical Community College,waketech.edu,2yr / vocational / religious,
Walla Walla Community College,wwcc.edu,2yr / vocational / religious,
Walters State Community College,ws.edu,2yr / vocational / religious,
Warren County Community College,warren.edu,2yr / vocational / religious,
Washington Bible College/Capital Bible Seminary,bible.edu,2yr / vocational / religious,
Washington County Community College,wccc.me.edu,2yr / vocational / religious,
Washington State Community College,wscc.edu,2yr / vocational / religious,
Washtenaw Community College,wccnet.edu,2yr / vocational / religious,
Waubonsee Community College,waubonsee.edu,2yr / vocational / religious,
Waukesha County Technical College,wctc.edu,2yr / vocational / religious,
Wayne Community College,waynecc.edu,2yr / vocational / religious,
Wayne County Community College District,wcccd.edu,2yr / vocational / religious,
Wentworth Military Academy & Junior College,wma.edu,2yr / vocational / religious,
West Georgia Technical College,westgatech.edu,2yr / vocational / religious,
West Kentucky Community and Technical College,westkentucky.kctcs.edu,2yr / vocational / religious,
West Shore Community College,westshore.edu,2yr / vocational / religious,
West Virginia Northern Community College,wvncc.edu,2yr / vocational / religious,
Western Dakota Technical Institute,wdt.edu,2yr / vocational / religious,
Western Iowa Tech Community College,witcc.edu,2yr / vocational / religious,
Western Nebraska Community College,wncc.edu,2yr / vocational / religious,
Western Piedmont Community College,wpcc.edu,2yr / vocational / religious,
Western Technical College,westerntc.edu,2yr / vocational / religious,
Western Wyoming Community College,wwcc.wy.edu,2yr / vocational / religious,
Westminster Theological Seminary,wts.edu,2yr / vocational / religious,
Westmoreland County Community College,wccc.edu,2yr / vocational / religious,
Wharton County Junior College,wcjc.edu,2yr / vocational / religious,
Whatcom Community College,whatcom.ctc.edu,2yr / vocational / religious,
White Earth Tribal and Community College,wetcc.edu,2yr / vocational / religious,
White Mountains Community College,wmcc.edu,2yr / vocational / religious,
Wichita Area Technical College,watc.edu,2yr / vocational / religious,
Wilkes Community College,wilkescc.edu,2yr / vocational / religious,
Williamsburg Technical College,wiltech.edu,2yr / vocational / religious,
Wilson Community College,wilsoncc.edu,2yr / vocational / religious,
Windward Community College,windward.hawaii.edu,2yr / vocational / religious,
Wiregrass Georgia Technical College,wiregrass.edu,2yr / vocational / religious,
Wisconsin Indianhead Technical College,witc.edu,2yr / vocational / religious,
Woodland Community College,wcc.yccd.edu,2yr / vocational / religious,
Wor-Wic Community College,worwic.edu,2yr / vocational / religious,
Wytheville Community College,wcc.vccs.edu,2yr / vocational / religious,
Yakima Valley Community College,yvcc.edu,2yr / vocational / religious,
York County Community College,yccc.edu,2yr / vocational / religious,
York Technical College,yorktech.edu,2yr / vocational / religious,
Yosemite Community College District,yosemite.edu,2yr / vocational / religious,
