priority,name,handle,platform,audience,niche,contact,contact_status,notes
A,Daniel Lim (Limmy),@limmytalks,TikTok + Instagram,~344K TT / ~386K IG,"chance me, разбор заявок",искать в био TikTok/IG,не найден,Формат 'угадываю шансы по статам' = ровно то что делает AdmitMap. Делал >$100K на брендах — открыт к рекламе
A,Brandon Tineo,@tineocollegeprep,TikTok + IG + YouTube,н/д,"эссе, Common App, first-gen",brands.Only.TCP@gmail.com,публичный (для брендов),Сам консультант — предлагать как инструмент для его аудитории
A,Gabriella Carter (Growing With Gabby),@growingwithgabby,TikTok + IG + YouTube,240K+ TT,"стипендии, финпомощь",gscroyalty@gmail.com,публичный (business),Под Financial Aid и факт 'Harvard дешевле штатного вуза'
A,Youssef Hasweh,@youssefuniversity,TikTok + YouTube,~122K TT,"first-gen, low-income, FAFSA",youssefhasweh@gmail.com,указан как контакт канала,Мидл-тир — выше шанс на ответ
A,Melody,@studyforyoubestie,Instagram,~52K,"списки вузов, эссе, стипендии",искать в био IG,не найден,Микро — хорошо для партнёрки
A,Brianna Zhang,@brianna_zhang,TikTok + YouTube + IG (@bbriannazhang),н/д,"Harvard '30, ECs, разбор admissions file",искать в био,не найден,Свежая первокурсница — аудитория сейчас поступающие
B,Alexis (College Expert),@collegexpert,TikTok,н/д,"вузы, рейтинги",искать в био,не найден,
B,Ryan Choice,TikTok,TikTok,~205K,SAT 1600,искать в био,не найден,Под Testing / шансы от SAT
B,Dan's Test Prep,@danstestprep,TikTok,н/д,SAT,искать в био,не найден,
B,James Lu SAT,TikTok,TikTok,н/д,SAT grammar,искать в био,не найден,
B,Olivia Zhang,@livviazhang,TikTok,н/д,"эссе Harvard/Stanford",искать в био,не найден,
B,Hannah Sievers,@hannahsievers,TikTok,н/д,эссе (Brown),искать в био,не найден,
B,Jada Foote,@scholarworld,TikTok,н/д,"стипендии, first-gen",искать в био,не найден,
B,Admitium,@admitium,TikTok,н/д,"бывший сотрудник приёмки Stanford",через admitium.com,сайт,Консультант
B,Elise Pham,@ultimateivyleagueguide,YouTube + TikTok,н/д,"Ivy, интервью, эссе",support@ultimateivyleagueguide.com,публичный (компания),Консалтинг — возможный конкурент
B,Brooke Hanson (SupertutorTV),SupertutorTV,YouTube,н/д,"SAT/ACT, T20",brooke@supertutortv.com,домен компании,Крупная компания — скорее платная интеграция
C,Gohar Khan,@goharsguide,TikTok,~3.8M,учёба / admissions,support@nextadmit.com,публичный (компания),Владелец Next Admit (консалтинг) — конкурент; дорого
C,Cassandra Hsiao,@CassandraHsiao,YouTube,н/д,"эссе, Ivy",через cassandracollegecoaching.com,сайт,Продаёт свой коучинг
C,Ethan Sawyer (College Essay Guy),College Essay Guy,YouTube + сайт,н/д,эссе,через сайт,сайт,Большой бренд — нужен иной формат
C,Elliot Choy,@elliotchoy,YouTube,~1.33M,"лайфстайл, бывш. college",искать на канале (About),не найден,Уже не про поступление
C,Dylan Ott,@dylanott,TikTok,~84K,SAT / AP,—,—,Ушёл в стартап — контент заброшен
