platform,handle,name,followers,niche,type,contact,followers_status
TikTok,@college.essay.mom,college.essay.mom,13.5K,эссе,коуч,,подтверждено поиском
TikTok,@essay.cafe,Essay Cafe,5.9K,эссе,коуч,,подтверждено поиском
TikTok,@collegeessayguy,College Essay Guy Team,7.6K,эссе,бренд,,подтверждено поиском
TikTok,@mtasciog_,Mehmet,50.6K,chance me / разбор r/chanceme,блогер,,подтверждено поиском
Instagram,@tineocollegeprep,Brandon Tineo,79K,"эссе, Common App",коуч,,подтверждено поиском
Instagram,@collegeadmissionsadvice,Grown&Flown College Admissions,12K,поступление (для родителей),бренд,,подтверждено поиском
Instagram,@lwadmissionsconsulting,"Alex Lange, PhD",7.8K,консультации,коуч,,подтверждено поиском
Instagram,@sierraperosa,Sierra,44K,"стипендии, финансы",блогер,,подтверждено поиском
Instagram,@studyforyoubestie,Melody,52K,"эссе, списки вузов, стипендии",блогер,,подтверждено поиском
Instagram,@scholarworld,Jada Foote,44K,стипендии,блогер,,подтверждено поиском
Instagram,@satpreptutor,SAT Prep Tutor Daniel,25K,SAT/ACT,коуч,hello@unlockingedu.com,подтверждено поиском
TikTok,@thefafsaguru,Tina Steele (The FAFSA Guru),?,"FAFSA, финпомощь",коуч,,проверить вручную
TikTok,@ultimateivyleagueguide,Ultimate Ivy League Guide,?,Ivy League,коуч,support@ultimateivyleagueguide.com,проверить вручную
TikTok,@collegechances,collegechances,?,chance me,блогер,,проверить вручную
TikTok,@thecollegeexpert,Ashleigh (ex-Michigan admissions),?,советы экс-офицера приёмки,коуч,,проверить вручную
TikTok,@thecollegeprepcollective,Dr. Krystal Johnson (ex-Columbia),?,советы экс-офицера приёмки,коуч,,проверить вручную
TikTok,@jiselle.101,Jiselle,?,"FAFSA, first-year",блогер,,проверить вручную
Instagram,@collegeessayguy,College Essay Guy Team,45K,эссе,бренд,,подтверждено поиском
Instagram,@admissionmentor,Admission Mentor,19K,поступление (международные),бренд,,подтверждено поиском
TikTok,@collegewise,Collegewise,5.9K,поступление,бренд,,подтверждено поиском
TikTok,?college counselor triplets,College Counselor Triplets,13.9K,поступление,коуч,,подтверждено поиском
TikTok,@drcarrcollegecounselor,Dr. Carr,?,"QuestBridge, эссе",коуч,,проверить вручную
